面积,房间数,厅数,总层数,建成年,关注人数,近地铁,南北通透,地段,装修,形式,单价
92.2,4.0,2.0,10.0,2005.0,134.0,0,1,通州北苑,简装,板楼,59653.0
48.52,1.0,1.0,22.0,2009.0,8.0,0,0,通州北苑,精装,塔楼,37717.0
111.79,3.0,1.0,9.0,2018.0,30.0,1,1,科技园区,精装,板楼,88559.0
138.22,3.0,2.0,11.0,2006.0,22.0,1,1,马家堡,精装,板楼,79584.0
93.03,3.0,1.0,18.0,2000.0,8.0,1,0,朝阳公园,简装,塔楼,69870.0
137.41,3.0,2.0,36.0,2011.0,1.0,0,1,武夷花园,精装,板塔结合,59676.0
102.41,3.0,1.0,19.0,2006.0,7.0,1,1,安定门,精装,塔楼,106435.0
68.6,3.0,1.0,5.0,1986.0,2.0,1,1,木樨园,精装,板楼,59476.0
99.21,3.0,2.0,7.0,1997.0,7.0,1,1,亚运村,简装,板楼,90616.0
120.89,3.0,1.0,29.0,2003.0,4.0,1,0,宋家庄,精装,板塔结合,66176.0
139.89,3.0,2.0,9.0,2015.0,6.0,1,1,长阳,精装,板楼,50040.0
118.22,3.0,1.0,14.0,1997.0,156.0,1,0,朝阳门外,精装,塔楼,84419.0
165.31,4.0,2.0,6.0,2001.0,1.0,1,1,欢乐谷,精装,板楼,51540.0
104.9,3.0,2.0,16.0,2007.0,10.0,1,1,崇文门,精装,塔楼,113442.0
63.89,2.0,1.0,7.0,2002.0,132.0,1,0,果园,精装,板楼,41165.0
94.62,3.0,1.0,11.0,2006.0,3.0,1,0,崇文门,简装,塔楼,126718.0
110.65,3.0,2.0,6.0,2003.0,7.0,0,1,北七家,精装,板楼,32536.0
49.71,1.0,1.0,22.0,2018.0,18.0,0,0,万达,精装,塔楼,43251.0
132.6,3.0,1.0,6.0,2003.0,6.0,1,1,回龙观,精装,板楼,47135.0
329.63,5.0,2.0,5.0,2005.0,6.0,0,1,亦庄开发区其它,精装,板楼,41866.0
141.31,3.0,1.0,20.0,2009.0,18.0,1,0,大望路,简装,板塔结合,91997.0
97.29,3.0,1.0,6.0,2004.0,7.0,0,1,顺义城,精装,板楼,35461.0
163.29,3.0,2.0,31.0,2007.0,29.0,1,0,双桥,精装,塔楼,47033.0
107.73,3.0,1.0,12.0,1998.0,15.0,0,0,万寿路,简装,板楼,102108.0
94.14,2.0,1.0,6.0,2000.0,3.0,1,1,回龙观,简装,板楼,53963.0
135.99,3.0,2.0,9.0,2009.0,2.0,0,1,沙河,精装,板楼,47651.0
143.76,3.0,1.0,19.0,2005.0,16.0,0,1,清河,简装,塔楼,61909.0
88.13,2.0,2.0,23.0,2009.0,7.0,1,0,朝阳公园,简装,塔楼,92478.0
121.0,3.0,2.0,6.0,2005.0,7.0,0,1,果园街道,简装,板楼,15703.0
124.29,3.0,2.0,6.0,2000.0,0.0,0,1,观音寺,精装,板楼,29931.0
77.7,3.0,1.0,16.0,1990.0,9.0,1,0,阜成门,精装,板楼,129988.0
63.76,1.0,1.0,18.0,2011.0,49.0,0,0,西红门,精装,塔楼,48307.0
91.77,2.0,1.0,30.0,1997.0,10.0,1,0,望京,精装,塔楼,78458.0
98.99,2.0,2.0,15.0,2004.0,21.0,0,1,望京,精装,板楼,90818.0
125.6,4.0,1.0,21.0,1989.0,19.0,1,1,月坛,简装,塔楼,145701.0
128.77,3.0,1.0,24.0,1999.0,6.0,1,0,牛街,精装,板塔结合,108721.0
141.78,4.0,1.0,10.0,2003.0,12.0,1,1,定福庄,简装,板楼,46410.0
117.14,3.0,1.0,12.0,2004.0,3.0,0,0,花乡,简装,板楼,49002.0
119.21,3.0,1.0,14.0,2005.0,5.0,0,1,花乡,简装,板楼,52010.0
125.61,3.0,1.0,11.0,2005.0,11.0,0,1,角门,简装,板楼,59709.0
96.67,3.0,2.0,7.0,1998.0,14.0,1,1,定福庄,精装,板楼,44999.0
146.93,3.0,2.0,9.0,2008.0,0.0,1,1,东关,精装,板楼,40088.0
108.72,2.0,1.0,23.0,2004.0,1.0,1,0,亚运村小营,精装,板塔结合,107432.0
140.58,4.0,1.0,7.0,2001.0,13.0,1,1,回龙观,精装,板楼,58259.0
54.71,2.0,1.0,6.0,1991.0,6.0,1,1,潘家园,简装,板楼,67630.0
133.3,3.0,1.0,6.0,2006.0,4.0,0,1,卢沟桥,精装,板楼,49438.0
115.37,3.0,1.0,6.0,2000.0,3.0,0,1,回龙观,简装,板楼,45940.0
159.58,3.0,2.0,17.0,2003.0,3.0,0,1,四季青,简装,板楼,115930.0
150.1,3.0,2.0,12.0,2009.0,6.0,1,1,田村,其他,板楼,86276.0
54.39,3.0,2.0,6.0,2014.0,3.0,0,1,西三旗,精装,板楼,150764.0
150.89,4.0,2.0,16.0,2013.0,9.0,1,1,丽泽,简装,板楼,65611.0
85.0,3.0,1.0,20.0,1992.0,11.0,1,1,阜成门,简装,塔楼,147059.0
172.57,3.0,2.0,4.0,1998.0,5.0,0,1,后沙峪,精装,板楼,42302.0
76.46,2.0,1.0,18.0,2003.0,6.0,1,0,东花市,简装,塔楼,96783.0
124.78,3.0,1.0,11.0,2005.0,8.0,1,0,枣园,精装,板楼,49688.0
107.63,3.0,3.0,7.0,2007.0,6.0,0,1,四季青,精装,板楼,178389.0
168.44,3.0,2.0,5.0,1995.0,5.0,0,1,北七家,精装,板楼,33128.0
102.34,2.0,2.0,24.0,2004.0,4.0,1,0,木樨园,精装,塔楼,61365.0
100.03,3.0,1.0,7.0,1995.0,9.0,1,1,方庄,精装,板楼,59283.0
142.0,3.0,2.0,5.0,2006.0,6.0,1,1,西北旺,简装,板楼,95775.0
60.27,3.0,1.0,6.0,1988.0,6.0,0,0,北工大,简装,板楼,62884.0
53.04,1.0,1.0,6.0,2003.0,4.0,1,0,崇文门,简装,板塔结合,112369.0
92.23,2.0,1.0,4.0,2009.0,2.0,0,1,西山,简装,板楼,58008.0
90.15,2.0,1.0,14.0,2012.0,4.0,0,0,四惠,简装,板塔结合,57682.0
70.03,2.0,1.0,16.0,2008.0,7.0,0,0,广渠门,精装,塔楼,104242.0
100.55,2.0,1.0,20.0,2007.0,9.0,1,1,回龙观,简装,板楼,57683.0
64.5,2.0,1.0,6.0,1992.0,3.0,0,1,二里庄,简装,板楼,109768.0
63.7,2.0,1.0,9.0,1995.0,15.0,1,0,木樨园,精装,板塔结合,50079.0
116.5,3.0,1.0,6.0,2004.0,1.0,1,1,回龙观,简装,板楼,47640.0
62.52,2.0,1.0,16.0,1992.0,2.0,1,1,玉泉路,精装,板塔结合,127960.0
88.67,2.0,2.0,6.0,2010.0,4.0,0,1,宋家庄,其他,板楼,61126.0
53.79,2.0,1.0,6.0,1984.0,16.0,1,0,甜水园,简装,板楼,61350.0
94.69,2.0,1.0,24.0,1999.0,2.0,1,0,惠新西街,简装,塔楼,87549.0
89.43,2.0,1.0,28.0,2012.0,6.0,1,1,双井,精装,板楼,110702.0
47.26,1.0,1.0,20.0,1998.0,3.0,1,0,马家堡,精装,塔楼,68769.0
75.83,2.0,1.0,26.0,2004.0,14.0,1,0,广安门,简装,塔楼,110247.0
90.03,2.0,1.0,22.0,2010.0,9.0,0,0,九棵树(家乐福),精装,板塔结合,31657.0
87.35,2.0,1.0,22.0,2008.0,2.0,0,0,九棵树(家乐福),精装,板塔结合,36406.0
88.35,3.0,1.0,13.0,1988.0,7.0,1,0,东四,精装,塔楼,135824.0
90.59,2.0,1.0,25.0,2005.0,9.0,1,0,鲁谷,精装,板塔结合,71200.0
48.04,2.0,1.0,5.0,1981.0,6.0,1,1,杨庄,简装,板楼,66195.0
84.96,2.0,1.0,6.0,2001.0,4.0,0,1,武夷花园,精装,板楼,58616.0
95.08,2.0,1.0,18.0,2006.0,8.0,0,0,乔庄,简装,板塔结合,40493.0
81.24,2.0,1.0,6.0,1995.0,5.0,1,1,苏州桥,精装,板楼,110537.0
50.6,2.0,1.0,5.0,1983.0,9.0,0,0,皂君庙,精装,板楼,105732.0
93.58,3.0,1.0,6.0,2013.0,1.0,0,1,丰台其它,精装,板楼,37936.0
59.68,2.0,1.0,6.0,1980.0,5.0,1,1,紫竹桥,简装,板楼,104893.0
90.84,2.0,1.0,9.0,2012.0,5.0,0,1,枣园,精装,板塔结合,34126.0
82.34,2.0,2.0,11.0,2008.0,6.0,1,0,朝青,精装,板楼,88536.0
104.29,2.0,2.0,13.0,2006.0,0.0,0,1,玉泉营,简装,板楼,71915.0
52.82,2.0,1.0,6.0,1978.0,6.0,0,0,潘家园,简装,板楼,57744.0
111.54,2.0,2.0,7.0,2001.0,3.0,0,1,旧宫,简装,板楼,47965.0
60.71,2.0,1.0,6.0,1995.0,5.0,0,1,玉泉路,简装,板楼,51063.0
70.78,3.0,1.0,6.0,1988.0,9.0,1,1,宣武门,简装,板楼,104409.0
63.96,1.0,1.0,7.0,2005.0,3.0,0,0,良乡,精装,塔楼,32521.0
60.9,2.0,1.0,6.0,1990.0,11.0,0,1,苹果园,简装,板楼,36946.0
68.57,2.0,1.0,28.0,2016.0,5.0,0,0,潞苑,精装,板楼,37918.0
74.16,2.0,1.0,18.0,2013.0,2.0,0,0,北关,精装,板楼,43150.0
68.19,2.0,1.0,6.0,1997.0,2.0,1,1,双桥,简装,板楼,42969.0
61.0,3.0,1.0,5.0,1975.0,5.0,1,1,六铺炕,精装,板楼,160656.0
92.66,2.0,2.0,21.0,2003.0,6.0,1,1,刘家窑,简装,塔楼,66372.0
58.68,2.0,1.0,14.0,1990.0,8.0,1,0,东直门,精装,板楼,119292.0
54.64,2.0,1.0,18.0,1994.0,6.0,1,0,牡丹园,精装,塔楼,99744.0
78.71,2.0,1.0,28.0,2012.0,7.0,1,0,临河里,精装,板楼,39386.0
87.14,2.0,2.0,18.0,2012.0,6.0,0,1,亦庄开发区其它,简装,板楼,55084.0
50.54,2.0,1.0,6.0,1984.0,15.0,1,0,酒仙桥,简装,板楼,61140.0
71.27,2.0,1.0,18.0,1990.0,2.0,0,0,双井,精装,塔楼,64544.0
54.95,2.0,1.0,14.0,1980.0,7.0,1,0,木樨地,简装,板楼,123749.0
68.46,2.0,1.0,6.0,1981.0,8.0,0,1,果园,简装,板楼,34473.0
46.62,1.0,1.0,18.0,1988.0,7.0,1,0,安定门,精装,塔楼,124196.0
78.94,2.0,1.0,20.0,2001.0,11.0,1,0,双井,简装,塔楼,67773.0
68.16,2.0,2.0,22.0,2011.0,12.0,1,0,青塔,精装,板楼,57219.0
50.33,2.0,0.0,5.0,1979.0,2.0,1,0,甜水园,简装,板楼,61395.0
111.27,2.0,2.0,22.0,2001.0,4.0,1,0,方庄,精装,塔楼,60035.0
70.3,2.0,1.0,21.0,1990.0,3.0,1,0,和平里,简装,塔楼,96729.0
61.01,2.0,1.0,6.0,1980.0,3.0,1,1,劲松,简装,板楼,59827.0
62.34,1.0,1.0,16.0,2012.0,0.0,0,0,枣园,简装,板楼,33687.0
85.63,2.0,1.0,6.0,2002.0,0.0,1,1,清河,简装,板楼,76142.0
109.79,3.0,1.0,10.0,2012.0,2.0,0,0,冯村,精装,板塔结合,43265.0
91.45,2.0,1.0,27.0,2006.0,3.0,1,0,四惠,精装,塔楼,74358.0
89.43,2.0,1.0,20.0,2008.0,3.0,1,0,立水桥,简装,板塔结合,62619.0
72.18,2.0,1.0,4.0,1960.0,5.0,1,1,惠新西街,精装,板楼,76892.0
52.7,2.0,1.0,18.0,2014.0,3.0,1,0,长阳,简装,板楼,39279.0
67.51,2.0,1.0,6.0,1995.0,6.0,1,1,潘家园,精装,板楼,64880.0
64.55,2.0,1.0,14.0,1985.0,2.0,1,0,朝阳门外,精装,塔楼,82107.0
66.08,2.0,1.0,7.0,1999.0,4.0,0,1,白纸坊,简装,板楼,124093.0
100.09,2.0,1.0,18.0,2008.0,1.0,1,0,成寿寺,精装,板塔结合,65442.0
107.64,2.0,2.0,7.0,2006.0,9.0,0,1,陶然亭,其他,板楼,175586.0
98.85,2.0,1.0,9.0,2012.0,5.0,0,1,潞苑,精装,板塔结合,36622.0
57.34,2.0,1.0,6.0,1999.0,9.0,0,1,清河,精装,板楼,87200.0
65.1,2.0,1.0,4.0,,2.0,1,0,月坛,简装,,116744.0
90.4,2.0,1.0,23.0,2010.0,2.0,1,0,临河里,精装,板塔结合,50332.0
61.03,2.0,1.0,6.0,1997.0,7.0,1,1,酒仙桥,简装,板楼,64723.0
90.77,2.0,1.0,22.0,2015.0,2.0,1,1,回龙观,精装,板楼,69186.0
97.56,3.0,2.0,10.0,2000.0,7.0,1,1,望京,精装,板楼,81489.0
94.25,2.0,2.0,29.0,2009.0,10.0,1,1,望京,精装,板塔结合,94430.0
116.5,3.0,1.0,6.0,2004.0,2.0,1,1,回龙观,精装,板楼,46267.0
70.57,2.0,1.0,28.0,2010.0,8.0,1,0,常营,简装,塔楼,43929.0
93.75,3.0,2.0,10.0,2013.0,14.0,0,0,潞苑,精装,板塔结合,39040.0
232.02,5.0,2.0,11.0,2004.0,27.0,1,1,奥林匹克公园,精装,板楼,93096.0
99.05,2.0,2.0,24.0,2002.0,38.0,1,0,望京,简装,塔楼,73701.0
119.22,3.0,2.0,6.0,2009.0,6.0,1,1,长阳,简装,板楼,29777.0
200.71,4.0,2.0,11.0,2012.0,19.0,0,1,回龙观,简装,板楼,69753.0
115.06,3.0,2.0,6.0,1997.0,15.0,0,1,万达,精装,板楼,48236.0
123.38,3.0,2.0,6.0,2004.0,5.0,1,1,西红门,精装,板楼,45389.0
219.35,4.0,2.0,4.0,2014.0,8.0,0,1,顺义其它,精装,板楼,32369.0
219.37,6.0,3.0,7.0,2016.0,10.0,0,1,顺义其它,其他,,14588.0
125.1,3.0,2.0,6.0,2009.0,20.0,0,1,奥林匹克公园,精装,板楼,179857.0
162.69,3.0,2.0,17.0,2009.0,32.0,1,1,常营,简装,板楼,53415.0
89.16,3.0,1.0,18.0,2013.0,44.0,1,1,旧宫,精装,板楼,76268.0
180.42,3.0,2.0,16.0,2004.0,38.0,1,0,CBD,精装,板塔结合,92008.0
114.72,2.0,2.0,13.0,2004.0,12.0,0,1,天通苑,精装,板楼,42626.0
160.18,3.0,1.0,10.0,2001.0,9.0,0,1,天通苑,精装,板楼,40580.0
176.97,3.0,2.0,23.0,2004.0,7.0,0,0,苏州桥,精装,板塔结合,89846.0
160.99,3.0,2.0,10.0,2004.0,16.0,0,1,豆各庄,精装,板楼,52799.0
122.43,3.0,2.0,5.0,2005.0,53.0,1,1,常营,简装,板楼,59218.0
129.59,3.0,1.0,27.0,2001.0,20.0,1,0,亚运村,精装,塔楼,73926.0
191.21,3.0,2.0,4.0,2004.0,60.0,0,1,北七家,精装,,42310.0
144.61,3.0,2.0,25.0,1999.0,18.0,1,1,望京,精装,板塔结合,66593.0
148.35,3.0,2.0,12.0,2006.0,15.0,0,1,望京,精装,板楼,99765.0
108.58,3.0,1.0,25.0,2006.0,22.0,1,0,广安门,精装,塔楼,123412.0
97.2,3.0,2.0,5.0,1998.0,33.0,0,0,定慧寺,简装,板楼,91564.0
138.99,3.0,1.0,31.0,2003.0,67.0,1,1,双桥,精装,塔楼,45687.0
116.87,3.0,1.0,9.0,2001.0,0.0,0,1,黄村中,简装,板楼,44494.0
130.26,3.0,1.0,12.0,2008.0,18.0,0,1,天通苑,简装,板楼,46983.0
129.28,3.0,2.0,9.0,2007.0,14.0,0,1,科技园区,精装,板楼,67296.0
135.15,3.0,2.0,18.0,2014.0,20.0,0,1,古城,精装,板楼,71773.0
46.13,1.0,1.0,16.0,1985.0,6.0,1,0,酒仙桥,精装,塔楼,66118.0
59.53,1.0,0.0,19.0,2007.0,5.0,1,0,北苑,精装,板楼,48547.0
87.83,2.0,1.0,6.0,2008.0,18.0,0,1,管庄,简装,板楼,44177.0
76.0,3.0,1.0,6.0,1983.0,10.0,0,0,皂君庙,简装,板楼,107895.0
88.91,3.0,1.0,16.0,2012.0,1.0,0,0,枣园,精装,板楼,39366.0
167.2,4.0,2.0,6.0,1998.0,40.0,1,1,官园,精装,板楼,124402.0
142.4,4.0,2.0,19.0,2011.0,28.0,1,1,方庄,精装,板塔结合,99720.0
143.61,3.0,1.0,6.0,2009.0,19.0,1,1,常营,精装,板楼,62601.0
142.67,3.0,2.0,5.0,2003.0,4.0,0,1,回龙观,精装,板楼,45911.0
127.63,2.0,1.0,18.0,2000.0,6.0,1,0,CBD,精装,塔楼,69733.0
103.1,2.0,1.0,22.0,2002.0,4.0,1,0,劲松,简装,塔楼,64016.0
125.42,3.0,2.0,12.0,2004.0,6.0,0,1,万达,简装,板楼,43056.0
141.48,3.0,2.0,12.0,2003.0,16.0,1,1,马甸,精装,板塔结合,179955.0
191.03,4.0,2.0,24.0,1999.0,36.0,0,1,白纸坊,精装,塔楼,83129.0
138.12,3.0,2.0,18.0,2016.0,7.0,0,1,玉桥,精装,板楼,54301.0
171.26,3.0,2.0,22.0,2007.0,8.0,0,1,豆各庄,精装,板楼,50217.0
140.91,3.0,1.0,16.0,2001.0,11.0,1,1,魏公村,精装,板塔结合,126322.0
123.92,3.0,1.0,15.0,2004.0,17.0,1,0,左安门,简装,板塔结合,96837.0
153.14,3.0,2.0,6.0,2005.0,2.0,0,1,李桥,精装,板楼,27949.0
179.13,3.0,3.0,3.0,2003.0,10.0,0,1,高米店,简装,板楼,66991.0
139.9,3.0,2.0,21.0,2009.0,11.0,1,1,菜户营,精装,板楼,100072.0
116.83,2.0,1.0,26.0,2006.0,11.0,1,0,大望路,精装,塔楼,115553.0
181.11,3.0,2.0,28.0,2000.0,17.0,0,0,白纸坊,精装,塔楼,81719.0
115.04,2.0,2.0,17.0,2002.0,6.0,0,0,亦庄,精装,板塔结合,49548.0
134.64,3.0,2.0,15.0,2001.0,11.0,1,1,学院路,精装,板楼,95069.0
76.62,3.0,1.0,6.0,1995.0,12.0,1,1,瀛海,简装,板楼,40199.0
103.07,3.0,1.0,5.0,1995.0,12.0,1,1,广安门,精装,板塔结合,75677.0
64.14,2.0,1.0,18.0,1990.0,18.0,1,0,潘家园,精装,塔楼,65950.0
138.69,3.0,1.0,6.0,2007.0,5.0,1,1,宋家庄,精装,板楼,69941.0
184.87,4.0,2.0,18.0,2003.0,29.0,1,1,草桥,精装,板楼,78434.0
153.75,3.0,2.0,7.0,2010.0,14.0,0,1,岳各庄,精装,板楼,92358.0
118.79,3.0,2.0,25.0,2010.0,13.0,0,0,华威桥,精装,塔楼,74838.0
136.13,2.0,2.0,6.0,2004.0,2.0,1,1,苹果园,精装,板楼,62808.0
120.43,3.0,1.0,22.0,2002.0,7.0,0,1,青塔,精装,塔楼,51898.0
157.38,3.0,2.0,15.0,2009.0,1.0,1,1,赵公口,精装,板楼,73072.0
165.63,3.0,2.0,21.0,2009.0,1.0,1,0,西坝河,精装,板塔结合,96541.0
232.29,4.0,1.0,27.0,2015.0,2.0,1,1,九棵树(家乐福),精装,板楼,60270.0
108.24,3.0,2.0,17.0,2015.0,7.0,0,1,旧宫,简装,板楼,44346.0
104.43,3.0,2.0,5.0,1985.0,2.0,0,1,五棵松,简装,板楼,105238.0
120.94,2.0,2.0,9.0,2008.0,14.0,1,0,西北旺,精装,塔楼,103358.0
139.22,3.0,2.0,26.0,2008.0,24.0,0,1,望京,精装,板楼,104511.0
144.32,2.0,2.0,24.0,2003.0,8.0,0,1,甘露园,简装,塔楼,67905.0
69.94,3.0,1.0,6.0,1984.0,11.0,1,1,白纸坊,简装,板楼,115814.0
144.29,3.0,2.0,14.0,2000.0,8.0,0,1,石佛营,精装,板塔结合,59741.0
138.08,3.0,2.0,9.0,2012.0,8.0,0,1,东坝,精装,板楼,70612.0
90.39,2.0,2.0,25.0,2002.0,18.0,0,0,小西天,精装,塔楼,97910.0
199.25,3.0,2.0,27.0,2007.0,0.0,0,1,奥林匹克公园,精装,板楼,99373.0
288.51,4.0,2.0,7.0,2014.0,6.0,0,1,高米店,精装,板楼,75561.0
108.98,3.0,1.0,7.0,2000.0,18.0,1,1,高碑店,精装,板楼,67444.0
137.15,3.0,1.0,10.0,2003.0,2.0,0,1,五里店,简装,板楼,52498.0
291.41,5.0,2.0,3.0,2003.0,6.0,1,1,回龙观,精装,,44611.0
56.6,2.0,1.0,6.0,1992.0,65.0,1,1,惠新西街,精装,板楼,75619.0
51.5,2.0,1.0,6.0,1975.0,50.0,1,0,阜成门,毛坯,板楼,101942.0
85.37,2.0,2.0,18.0,2014.0,15.0,0,0,古城,精装,板楼,76491.0
89.93,2.0,1.0,18.0,2012.0,12.0,0,0,九棵树(家乐福),简装,板楼,56489.0
65.05,2.0,1.0,6.0,1999.0,40.0,0,0,枣园,简装,板楼,36741.0
69.8,3.0,1.0,6.0,1986.0,23.0,1,1,甜水园,简装,板楼,74499.0
73.63,1.0,1.0,14.0,2003.0,6.0,1,0,杨庄,精装,板塔结合,44276.0
90.71,3.0,2.0,12.0,1999.0,41.0,1,1,草桥,简装,板楼,71106.0
57.4,2.0,1.0,6.0,1993.0,34.0,1,1,角门,简装,板楼,54007.0
91.19,3.0,2.0,6.0,2013.0,26.0,0,1,东坝,简装,板楼,79505.0
76.6,3.0,1.0,5.0,1982.0,13.0,0,1,五棵松,简装,板楼,112272.0
120.73,3.0,1.0,9.0,2013.0,11.0,1,1,长阳,精装,板楼,41001.0
93.28,3.0,2.0,28.0,2015.0,9.0,1,1,天宫院,简装,板楼,45669.0
56.64,2.0,1.0,6.0,1988.0,8.0,0,1,厂洼,精装,板楼,116526.0
66.06,2.0,1.0,18.0,1991.0,3.0,0,0,双井,简装,塔楼,62822.0
92.36,3.0,1.0,6.0,1998.0,6.0,1,0,十里河,简装,板楼,43093.0
75.56,2.0,1.0,12.0,2005.0,27.0,0,1,崇文门,精装,板楼,124405.0
45.92,2.0,1.0,19.0,1993.0,15.0,1,0,潘家园,精装,塔楼,68598.0
59.74,1.0,1.0,28.0,2009.0,10.0,1,0,潘家园,精装,塔楼,66790.0
58.98,2.0,1.0,16.0,2010.0,43.0,1,0,新宫,精装,板塔结合,66125.0
67.8,2.0,1.0,6.0,1980.0,12.0,0,0,六铺炕,其他,板楼,125369.0
97.65,3.0,1.0,6.0,2002.0,3.0,0,1,霍营,精装,板楼,50692.0
62.37,2.0,1.0,6.0,1992.0,12.0,1,1,鼓楼大街,简装,板楼,39924.0
66.84,2.0,1.0,28.0,2016.0,9.0,0,0,潞苑,精装,,37254.0
91.56,2.0,2.0,26.0,2011.0,7.0,1,0,临河里,简装,板塔结合,47947.0
73.51,2.0,2.0,22.0,1999.0,3.0,1,0,和平里,精装,板塔结合,90872.0
44.6,2.0,1.0,4.0,1976.0,2.0,1,0,六铺炕,精装,板楼,169956.0
70.17,2.0,1.0,11.0,2009.0,12.0,1,0,后沙峪,简装,板塔结合,53585.0
56.82,2.0,1.0,6.0,1983.0,12.0,1,1,马连道,简装,板楼,113517.0
86.71,2.0,1.0,15.0,2003.0,25.0,0,1,鲁谷,简装,板楼,70235.0
84.15,2.0,1.0,26.0,2012.0,4.0,0,0,鼓楼大街,精装,板塔结合,47416.0
84.99,2.0,2.0,6.0,2000.0,8.0,0,1,回龙观,精装,板楼,55889.0
85.69,2.0,1.0,15.0,2014.0,6.0,0,1,瀛海,简装,板楼,37928.0
92.98,3.0,1.0,29.0,2013.0,3.0,1,1,临河里,精装,板塔结合,41837.0
61.39,3.0,1.0,6.0,1990.0,10.0,1,1,科技园区,简装,板楼,46425.0
65.98,2.0,1.0,18.0,1993.0,3.0,1,0,右安门外,简装,塔楼,64869.0
68.69,3.0,1.0,6.0,1990.0,7.0,0,1,五里店,简装,板楼,43529.0
50.52,1.0,1.0,18.0,1995.0,21.0,1,0,劲松,简装,塔楼,66311.0
86.19,2.0,1.0,18.0,2012.0,24.0,1,0,成寿寺,简装,塔楼,50586.0
62.23,3.0,1.0,6.0,1985.0,12.0,1,1,甜水园,简装,板楼,71992.0
77.18,3.0,1.0,18.0,1995.0,40.0,0,0,马连道,简装,塔楼,114020.0
112.13,3.0,1.0,27.0,2014.0,8.0,0,0,玉桥,精装,板楼,51280.0
109.7,3.0,1.0,6.0,2004.0,14.0,1,1,西红门,精装,板楼,45124.0
110.22,2.0,2.0,28.0,2004.0,14.0,1,0,亚运村小营,精装,塔楼,85194.0
60.01,2.0,1.0,6.0,1997.0,37.0,1,1,枣园,简装,板楼,40494.0
100.13,2.0,1.0,28.0,2004.0,6.0,1,0,常营,精装,板塔结合,58425.0
64.96,2.0,2.0,24.0,1996.0,9.0,1,0,四惠,简装,塔楼,70813.0
76.91,3.0,1.0,6.0,1995.0,16.0,0,0,和义,简装,板楼,35497.0
60.21,2.0,1.0,6.0,1994.0,16.0,1,1,北工大,简装,板楼,65936.0
87.78,2.0,1.0,27.0,2006.0,12.0,0,0,朝青,简装,板塔结合,74049.0
53.9,1.0,1.0,21.0,2010.0,18.0,0,0,八角,精装,塔楼,38590.0
96.92,3.0,2.0,9.0,2013.0,7.0,1,1,旧宫,精装,板楼,77900.0
101.96,2.0,1.0,23.0,1997.0,7.0,1,0,建国门内,精装,板塔结合,77482.0
65.66,2.0,1.0,6.0,1995.0,16.0,1,0,蒲黄榆,简装,板楼,58179.0
102.52,3.0,1.0,8.0,2015.0,4.0,0,1,通州其它,精装,板楼,36871.0
81.18,3.0,1.0,18.0,1990.0,11.0,1,0,蒲黄榆,简装,塔楼,55433.0
45.3,2.0,0.0,6.0,1986.0,6.0,1,0,小西天,毛坯,板楼,99780.0
70.75,1.0,1.0,25.0,2005.0,9.0,1,0,鲁谷,精装,塔楼,73357.0
52.22,2.0,1.0,16.0,2005.0,7.0,1,0,北太平庄,简装,塔楼,105324.0
79.74,2.0,2.0,6.0,2001.0,6.0,0,0,观音寺,精装,板楼,28343.0
85.0,2.0,2.0,18.0,2014.0,4.0,0,1,大兴新机场洋房别墅区,精装,板楼,22118.0
105.98,3.0,1.0,6.0,1998.0,5.0,0,1,顺义城,精装,板楼,36800.0
51.07,1.0,1.0,22.0,2010.0,21.0,1,0,常营,简装,塔楼,44253.0
101.88,3.0,1.0,12.0,2006.0,9.0,1,1,定福庄,其他,板楼,54967.0
50.12,1.0,1.0,18.0,1990.0,5.0,0,0,国展,简装,塔楼,83799.0
69.61,2.0,2.0,4.0,2000.0,6.0,0,1,石景山其它,简装,板楼,37782.0
61.0,2.0,1.0,6.0,1985.0,8.0,1,1,万源,精装,板楼,60656.0
89.84,2.0,1.0,6.0,2009.0,8.0,0,1,北七家,简装,板楼,42075.0
97.22,2.0,2.0,6.0,2010.0,14.0,1,1,旧宫,简装,板楼,45259.0
54.5,2.0,1.0,6.0,1988.0,7.0,0,0,厂洼,精装,板楼,117432.0
101.79,2.0,2.0,20.0,2000.0,8.0,1,0,赵公口,简装,塔楼,51381.0
70.61,2.0,1.0,21.0,2010.0,37.0,1,0,常营,精装,塔楼,42487.0
89.79,2.0,2.0,6.0,2003.0,14.0,1,1,良乡,精装,板楼,31073.0
63.31,2.0,1.0,15.0,2015.0,3.0,0,0,广安门,精装,板塔结合,130470.0
63.59,2.0,1.0,6.0,1993.0,5.0,1,1,惠新西街,精装,板楼,86492.0
44.33,1.0,0.0,11.0,2016.0,3.0,1,0,亦庄,简装,板楼,73991.0
62.23,3.0,1.0,6.0,1985.0,13.0,1,1,甜水园,简装,板楼,71992.0
65.7,1.0,1.0,13.0,2008.0,8.0,1,1,朝青,精装,板塔结合,87672.0
88.59,2.0,1.0,22.0,2010.0,3.0,0,0,九棵树(家乐福),简装,板塔结合,33639.0
72.88,2.0,1.0,20.0,2001.0,7.0,1,0,杨庄,精装,塔楼,55571.0
72.06,2.0,1.0,13.0,1999.0,50.0,0,1,苹果园,精装,板塔结合,56204.0
74.09,2.0,1.0,15.0,2011.0,29.0,0,0,双桥,简装,板塔结合,49265.0
66.16,2.0,1.0,6.0,2002.0,9.0,1,1,北京南站,简装,板楼,78598.0
51.4,1.0,1.0,9.0,1994.0,2.0,1,0,蒲黄榆,精装,板塔结合,93386.0
46.06,1.0,1.0,32.0,2005.0,2.0,1,0,方庄,精装,板塔结合,66870.0
56.21,2.0,1.0,6.0,1990.0,1.0,0,0,乔庄,精装,板楼,38072.0
74.49,1.0,1.0,6.0,2002.0,13.0,1,1,定福庄,精装,板楼,53699.0
57.3,1.0,1.0,15.0,2005.0,4.0,0,0,西罗园,简装,板塔结合,73299.0
