单价,面积,室,楼层位置,朝向,板块,总价_万
4576,108.83,3,未知,南北,琉璃河,49.8
52734,1005.04,9,高楼层,东南,酒仙桥,5300.0
235119,3.36,1,未知,东,新街口,79.0
211268,7.1,1,未知,南北,东四,150.0
146269,6.7,1,未知,南,宣武门,98.0
228571,9.1,1,未知,东,交道口,208.0
61071,1146.2,13,未知,未知,十里河,7000.0
313640,13.71,1,未知,东,西单,430.0
163090,6.99,1,未知,东,新街口,114.0
153333,9.0,1,未知,西,东直门,138.0
48252,1450.71,19,未知,南北,马坡,7000.0
239437,7.1,1,未知,西,地安门,170.0
347225,287.71,5,低楼层,南北,金融街,9990.0
334821,11.2,1,未知,西,金融街,375.0
212062,5.14,1,未知,南,东单,109.0
224949,9.78,1,未知,南,金宝街,220.0
34471,1450.5,11,未知,南北,马坡,5000.0
202703,8.14,1,未知,南,东四,165.0
317544,5.7,1,未知,南,金融街,181.0
28562,1043.36,13,未知,南北,马坡,2980.0
202041,9.8,1,未知,西,东四,198.0
358696,9.2,1,未知,北,金融街,330.0
208140,8.6,1,未知,东,交道口,179.0
186335,6.44,1,未知,南,东四,120.0
325248,181.4,1,未知,未知,东直门,5900.0
256250,8.0,1,未知,西,金融街,205.0
402355,10.19,1,未知,南,金融街,410.0
236842,9.5,1,未知,东,东四,225.0
191045,6.7,1,未知,西,金宝街,128.0
246988,8.3,1,未知,南,陶然亭,205.0
333333,8.4,1,未知,北,金融街,280.0
338448,11.08,1,未知,北,西单,375.0
157895,9.5,1,未知,东,金宝街,150.0
300786,89.1,3,低楼层,东西,月坛,2680.0
323232,9.9,1,未知,南,金融街,320.0
488947,7.69,1,未知,东,西单,376.0
175066,7.54,1,未知,北,东四,132.0
256818,8.8,1,未知,西,西单,226.0
258503,8.82,1,未知,南,交道口,228.0
197711,9.61,1,未知,南,西四,190.0
333333,6.3,1,未知,南,宣武门,210.0
261053,9.5,1,未知,北,金融街,248.0
176101,9.54,1,未知,西,崇文门,168.0
209859,7.1,1,未知,东,宣武门,149.0
274390,8.2,1,未知,南,交道口,225.0
310185,10.8,2,未知,南,西单,335.0
314263,12.41,1,未知,西,金融街,390.0
157143,7.0,1,未知,东,宣武门,110.0
202041,4.9,1,未知,南,宣武门,99.0
225641,9.75,1,未知,北,交道口,220.0
332584,8.9,1,未知,东,金融街,296.0
250000,6.0,1,未知,西,安定门,150.0
188571,8.75,1,未知,西,西单,165.0
231395,8.6,1,未知,东,交道口,199.0
411862,60.7,4,未知,未知,交道口,2500.0
168293,8.2,1,未知,南,宣武门,138.0
123656,9.3,1,未知,西,宣武门,115.0
263359,7.86,1,未知,东,交道口,207.0
190426,9.4,1,未知,南,陶然亭,179.0
287293,9.05,1,未知,东,金融街,260.0
