模型,留出集_R2,留出集_RMSE,留出集_MAE,KFold_CV_R2,KFold_CV_std,GroupKFold_CV_R2,GroupKFold_CV_std,拟合秒,GroupKFold_落差
直方图梯度提升 HistGBR,0.8522873581035946,11766.843134827473,7759.315542289486,0.8536601690895773,0.003503782587587426,0.8134568688110628,0.010524719750873877,1.9,0.04020330027851449
堆叠 GBDT×4 → Ridge,0.8546010653744569,11674.324025867329,7673.74053152784,0.8553201715969214,0.003742447490061849,0.8124426881987616,0.0114843671262436,68.2,0.04287748339815978
LightGBM,0.8511595728987045,11811.677610975044,7776.193602511341,0.8539700816590734,0.004178097379410436,0.8111781119726805,0.010520496406300341,0.9,0.04279196968639287
CatBoost,0.803507609518118,13571.379629561565,9109.818209597046,0.8036575494700727,0.001858246371135569,0.7789598784356551,0.014310930442455079,20.8,0.024697671034417668
XGBoost,0.8539772033691406,11699.340662457362,7668.72509765625,0.8316493153572082,0.03231829572353518,0.7786115646362305,0.03208420592488969,1.3,0.05303775072097772
岭回归 Ridge,0.7670944403696883,14775.461642157366,9922.237231347446,0.7696937634855244,0.004612356504433246,0.759494523825429,0.013368190533747654,0.2,0.010199239660095394
线性回归 LinearRegression,0.7671082535996648,14775.023481994414,9921.328226963444,0.7696931567683075,0.004628364170786415,0.7594728875470169,0.01347101692182126,0.6,0.010220269221290601
K近邻 KNN(k=5),0.668991095483989,17614.526344348807,11669.746159592529,0.6738171268710559,0.004719858548933782,0.5969961026070878,0.021264917747151765,0.2,0.07682102426396809
均值基线 DummyRegressor,-0.00011074479316186547,30617.88429998826,23393.379270940644,-0.00012856180751499302,0.00014032954453530407,-0.006723949281996555,0.003910693908605058,0.1,0.006595387474481562
